,,,,,,,,,,,
,,,,,,,,,,,
,Date,Course,Hole,Par,Score,FIR,GIR,Scrambling,Putts
,3/15/2025,Furnance Brook,1,4,5,,N,N,2
,3/15/2025,Furnance Brook,2,4,5,,N,N,2
,3/15/2025,Furnance Brook,3,4,4,,N,Y,1
,3/15/2025,Furnance Brook,4,4,4,,Y,,2
,3/15/2025,Furnance Brook,5,4,4,,N,Y,1
,3/15/2025,Furnance Brook,6,3,3,,Y,,2
,3/15/2025,Furnance Brook,7,4,4,,Y,,2
,3/15/2025,Furnance Brook,8,4,4,,Y,,2
,3/15/2025,Furnance Brook,9,4,4,,Y,,2
,3/15/2025,Furnance Brook,1,4,5,,N,N,2
,3/15/2025,Furnance Brook,2,4,4,,Y,,2
,3/15/2025,Furnance Brook,3,4,4,,Y,,2
,3/15/2025,Furnance Brook,4,4,5,,N,N,2
,3/15/2025,Furnance Brook,5,4,4,,Y,,2
,3/15/2025,Furnance Brook,6,3,3,,N,Y,1
,3/15/2025,Furnance Brook,7,4,5,,N,N,2
,3/15/2025,Furnance Brook,8,4,4,,N,Y,1
,3/15/2025,Furnance Brook,9,4,4,,Y,,2
,3/22/2025,Furnance Brook,1,4,5,,N,N,2
,3/22/2025,Furnance Brook,2,4,4,,Y,,2
,3/22/2025,Furnance Brook,3,4,5,,N,N,2
,3/22/2025,Furnance Brook,4,4,5,,N,N,1
,3/22/2025,Furnance Brook,5,4,4,,Y,,2
,3/22/2025,Furnance Brook,6,3,3,,N,Y,1
,3/22/2025,Furnance Brook,7,4,4,,Y,,2
,3/22/2025,Furnance Brook,8,4,3,,Y,,1
,3/22/2025,Furnance Brook,9,4,5,,N,N,2
,3/22/2025,Furnance Brook,1,4,3,,Y,,1
,3/22/2025,Furnance Brook,2,4,3,,Y,,1
,3/22/2025,Furnance Brook,3,4,6,,N,N,2
,3/22/2025,Furnance Brook,4,4,3,,Y,,1
,3/22/2025,Furnance Brook,5,4,3,,Y,,1
,3/22/2025,Furnance Brook,6,3,3,,N,Y,1
,3/22/2025,Furnance Brook,7,4,4,,N,Y,1
,3/22/2025,Furnance Brook,8,4,4,,Y,,2
,3/22/2025,Furnance Brook,9,4,4,,Y,,2
,3/29/2025,Furnance Brook,1,4,4,,N,Y,1
,3/29/2025,Furnance Brook,2,4,4,,Y,,2
,3/29/2025,Furnance Brook,3,4,5,,N,N,2
,3/29/2025,Furnance Brook,4,4,4,,Y,,2
,3/29/2025,Furnance Brook,5,4,4,,N,Y,1
,3/29/2025,Furnance Brook,6,3,3,,N,Y,1
,3/29/2025,Furnance Brook,7,4,6,,N,N,2
,3/29/2025,Furnance Brook,8,4,4,,N,Y,1
,3/29/2025,Furnance Brook,9,4,5,,N,N,2
,3/30/2025,Furnance Brook,1,4,4,,N,Y,1
,3/30/2025,Furnance Brook,2,4,4,,N,Y,1
,3/30/2025,Furnance Brook,3,4,3,,N,Y,0
,3/30/2025,Furnance Brook,4,4,4,,N,Y,1
,3/30/2025,Furnance Brook,5,4,4,,Y,,2
,3/30/2025,Furnance Brook,6,3,4,,N,N,2
,3/30/2025,Furnance Brook,7,4,5,,N,N,2
,3/30/2025,Furnance Brook,8,4,4,,N,Y,1
,3/30/2025,Furnance Brook,9,4,4,,Y,,2
,3/30/2025,Furnance Brook,1,4,4,,Y,,2
,3/30/2025,Furnance Brook,2,4,4,,N,Y,1
,3/30/2025,Furnance Brook,3,4,5,,Y,,3
,3/30/2025,Furnance Brook,4,4,4,,Y,,2
,3/30/2025,Furnance Brook,5,4,4,,N,Y,1
,3/30/2025,Furnance Brook,6,3,4,,N,N,2
,3/30/2025,Furnance Brook,7,4,5,,N,N,2
,3/30/2025,Furnance Brook,8,4,4,,Y,,2
,3/30/2025,Furnance Brook,9,4,4,,Y,,2
,4/4/2025,Woburn CC,1,4,4,,Y,,2
,4/4/2025,Woburn CC,2,4,4,,Y,,2
,4/4/2025,Woburn CC,3,4,4,,N,Y,1
,4/4/2025,Woburn CC,4,4,5,,N,N,2
,4/4/2025,Woburn CC,5,4,5,,Y,,3
,4/4/2025,Woburn CC,6,4,4,,N,Y,1
,4/4/2025,Woburn CC,7,3,4,,N,N,2
,4/4/2025,Woburn CC,8,4,5,,N,N,2
,4/4/2025,Woburn CC,9,3,3,,Y,,2
,4/5/2025,Furnance Brook,1,4,3,,Y,,1
,4/5/2025,Furnance Brook,2,4,5,,N,N,2
,4/5/2025,Furnance Brook,3,4,4,,Y,,2
,4/5/2025,Furnance Brook,4,4,4,,N,Y,1
,4/5/2025,Furnance Brook,5,4,6,,N,N,2
,4/5/2025,Furnance Brook,6,3,4,,N,N,2
,4/5/2025,Furnance Brook,7,4,5,,N,N,2
,4/5/2025,Furnance Brook,8,4,4,,Y,,2
,4/5/2025,Furnance Brook,9,4,4,,N,Y,1
,4/5/2025,Furnance Brook,1,4,4,,Y,,2
,4/5/2025,Furnance Brook,2,4,5,,N,N,2
,4/5/2025,Furnance Brook,3,4,4,,Y,,2
,4/5/2025,Furnance Brook,4,4,4,,Y,,2
,4/5/2025,Furnance Brook,5,4,4,,Y,,2
,4/5/2025,Furnance Brook,6,3,3,,N,Y,2
,4/5/2025,Furnance Brook,7,4,5,,Y,,2
,4/5/2025,Furnance Brook,8,4,5,,N,N,2
,4/5/2025,Furnance Brook,9,4,5,,N,N,2
,4/11/2025,Furnance Brook,1,4,4,,Y,,2
,4/11/2025,Furnance Brook,2,4,5,,N,N,2
,4/11/2025,Furnance Brook,3,4,4,,Y,,2
,4/11/2025,Furnance Brook,4,4,4,,Y,,2
,4/11/2025,Furnance Brook,5,4,5,,N,N,2
,4/11/2025,Furnance Brook,6,3,3,,N,Y,1
,4/11/2025,Furnance Brook,7,4,4,,Y,,2
,4/11/2025,Furnance Brook,8,4,4,,N,Y,1
,4/11/2025,Furnance Brook,9,4,4,,N,Y,1
,4/11/2025,Furnance Brook,1,4,4,,Y,,2
,4/11/2025,Furnance Brook,2,4,5,,N,N,2
,4/11/2025,Furnance Brook,3,4,4,,N,Y,1
,4/11/2025,Furnance Brook,4,4,5,,N,N,1
,4/11/2025,Furnance Brook,5,4,4,,N,Y,1
,4/11/2025,Furnance Brook,6,3,4,,N,N,2
,4/11/2025,Furnance Brook,7,4,4,,Y,,2
,4/11/2025,Furnance Brook,8,4,4,,N,Y,1
,4/11/2025,Furnance Brook,9,4,5,,N,N,1
,4/15/2025,Furnance Brook,1,4,4,,Y,,2
,4/15/2025,Furnance Brook,2,4,5,,N,N,2
,4/15/2025,Furnance Brook,3,4,4,,Y,,2
,4/15/2025,Furnance Brook,4,4,4,,Y,,2
,4/15/2025,Furnance Brook,5,4,5,,N,N,2
,4/15/2025,Furnance Brook,6,3,3,,Y,,2
,4/15/2025,Furnance Brook,7,4,4,,Y,,2
,4/15/2025,Furnance Brook,8,4,5,,N,N,2
,4/15/2025,Furnance Brook,9,4,4,,N,Y,1
,4/17/2025,Furnance Brook,1,4,4,,Y,,2
,4/17/2025,Furnance Brook,2,4,5,,N,N,2
,4/17/2025,Furnance Brook,3,4,4,,Y,,2
,4/17/2025,Furnance Brook,4,4,4,,Y,,2
,4/17/2025,Furnance Brook,5,4,3,,Y,,1
,4/17/2025,Furnance Brook,6,3,2,,Y,,1
,4/17/2025,Furnance Brook,7,4,4,,N,Y,1
,4/17/2025,Furnance Brook,8,4,6,,N,N,2
,4/17/2025,Furnance Brook,9,4,5,,N,N,2
,4/18/2025,Furnance Brook,1,4,4,,Y,,2
,4/18/2025,Furnance Brook,2,4,4,,N,Y,1
,4/18/2025,Furnance Brook,3,4,4,,Y,,2
,4/18/2025,Furnance Brook,4,4,6,,N,N,1
,4/18/2025,Furnance Brook,5,4,4,,N,Y,1
,4/18/2025,Furnance Brook,6,3,2,,Y,,1
,4/18/2025,Furnance Brook,7,4,5,,N,N,2
,4/18/2025,Furnance Brook,8,4,5,,N,N,2
,4/18/2025,Furnance Brook,9,4,4,,N,Y,1
,4/18/2025,Furnance Brook,1,4,4,,Y,,2
,4/18/2025,Furnance Brook,2,4,4,,Y,,2
,4/18/2025,Furnance Brook,3,4,5,,N,N,2
,4/18/2025,Furnance Brook,4,4,4,,Y,,2
,4/18/2025,Furnance Brook,5,4,3,,Y,,1
,4/18/2025,Furnance Brook,6,3,4,,N,N,2
,4/18/2025,Furnance Brook,7,4,5,,N,N,2
,4/18/2025,Furnance Brook,8,4,4,,N,Y,1
,4/18/2025,Furnance Brook,9,4,6,,N,N,1
,4/19/2025,Furnance Brook,1,4,4,,Y,,2
,4/19/2025,Furnance Brook,2,4,6,,N,N,2
,4/19/2025,Furnance Brook,3,4,4,,N,Y,1
,4/19/2025,Furnance Brook,4,4,4,,N,Y,1
,4/19/2025,Furnance Brook,5,4,4,,Y,,2
,4/19/2025,Furnance Brook,6,3,3,,Y,,2
,4/19/2025,Furnance Brook,7,4,4,,Y,,2
,4/19/2025,Furnance Brook,8,4,4,,Y,,2
,4/19/2025,Furnance Brook,9,4,4,,Y,,2
,4/19/2025,Furnance Brook,1,4,4,,Y,,2
,4/19/2025,Furnance Brook,2,4,4,,Y,,2
,4/19/2025,Furnance Brook,3,4,4,,Y,,2
,4/19/2025,Furnance Brook,4,4,4,,Y,,2
,4/19/2025,Furnance Brook,5,4,5,,N,N,1
,4/19/2025,Furnance Brook,6,3,3,,Y,,2
,4/19/2025,Furnance Brook,7,4,4,,Y,,2
,4/19/2025,Furnance Brook,8,4,5,,N,N,2
,4/19/2025,Furnance Brook,9,4,4,,Y,,2
,4/21/2025,Black Rock,1,4,3,,Y,,1
,4/21/2025,Black Rock,2,3,4,,N,N,2
,4/21/2025,Black Rock,3,4,4,,N,Y,0
,4/21/2025,Black Rock,4,5,4,,Y,,1
,4/21/2025,Black Rock,5,4,5,,N,N,1
,4/21/2025,Black Rock,6,5,5,,Y,,2
,4/21/2025,Black Rock,7,4,5,,N,N,2
,4/21/2025,Black Rock,8,4,4,,Y,,2
,4/21/2025,Black Rock,9,3,5,,N,N,1
,4/21/2025,Black Rock,10,4,3,,Y,,1
,4/21/2025,Black Rock,11,4,6,,N,N,2
,4/21/2025,Black Rock,12,3,3,,N,Y,1
,4/21/2025,Black Rock,13,4,5,,Y,,3
,4/21/2025,Black Rock,14,5,3,,Y,,0
,4/21/2025,Black Rock,15,3,5,,N,N,1
,4/21/2025,Black Rock,16,4,5,,N,N,2
,4/21/2025,Black Rock,17,4,4,,Y,,2
,4/21/2025,Black Rock,18,4,4,,Y,,2
,4/27/2025,Furnance Brook,1,4,4,,Y,,2
,4/27/2025,Furnance Brook,2,4,5,,N,N,2
,4/27/2025,Furnance Brook,3,4,4,,Y,,2
,4/27/2025,Furnance Brook,4,4,5,,N,N,2
,4/27/2025,Furnance Brook,5,4,4,,Y,,2
,4/27/2025,Furnance Brook,6,3,4,,N,N,2
,4/27/2025,Furnance Brook,7,4,4,,Y,,2
,4/27/2025,Furnance Brook,8,4,4,,Y,,2
,4/27/2025,Furnance Brook,9,4,5,,N,N,2
,4/27/2025,Furnance Brook,1,4,4,,Y,,2
,4/27/2025,Furnance Brook,2,4,4,,Y,,2
,4/27/2025,Furnance Brook,3,4,4,,N,Y,1
,4/27/2025,Furnance Brook,4,4,4,,N,Y,1
,4/27/2025,Furnance Brook,5,4,3,,Y,,1
,4/27/2025,Furnance Brook,6,3,3,,Y,,2
,4/27/2025,Furnance Brook,7,4,3,,Y,,1
,4/27/2025,Furnance Brook,8,4,5,,N,N,2
,4/27/2025,Furnance Brook,9,4,5,,N,N,2
,5/3/2025,Four Oaks,1,4,4,,Y,,2
,5/3/2025,Four Oaks,2,5,5,,Y,,2
,5/3/2025,Four Oaks,3,4,5,,N,N,2
,5/3/2025,Four Oaks,4,3,3,,Y,,2
,5/3/2025,Four Oaks,5,5,5,,Y,,2
,5/3/2025,Four Oaks,6,4,5,,N,N,2
,5/3/2025,Four Oaks,7,4,4,,N,Y,1
,5/3/2025,Four Oaks,8,4,4,,Y,,2
,5/3/2025,Four Oaks,9,3,4,,N,N,2
,5/3/2025,Four Oaks,10,4,4,,Y,,2
,5/3/2025,Four Oaks,11,4,4,,Y,,2
,5/3/2025,Four Oaks,12,3,3,,Y,,2
,5/3/2025,Four Oaks,13,4,4,,N,Y,1
,5/3/2025,Four Oaks,14,4,4,,Y,,2
,5/3/2025,Four Oaks,15,3,3,,N,Y,1
,5/3/2025,Four Oaks,16,4,4,,Y,,2
,5/3/2025,Four Oaks,17,4,5,,N,N,1
,5/3/2025,Four Oaks,18,4,5,,N,N,1
,5/15/2025,Crosswinds,1,4,4,,N,Y,1
,5/15/2025,Crosswinds,2,4,4,,Y,,2
,5/15/2025,Crosswinds,3,5,5,,N,Y,1
,5/15/2025,Crosswinds,4,4,5,,N,N,2
,5/15/2025,Crosswinds,5,4,3,,Y,,1
,5/15/2025,Crosswinds,6,3,2,,Y,,1
,5/15/2025,Crosswinds,7,4,4,,Y,,2
,5/15/2025,Crosswinds,8,3,3,,N,Y,1
,5/15/2025,Crosswinds,9,5,5,,Y,,2
,5/15/2025,Crosswinds,10,5,3,,Y,,1
,5/15/2025,Crosswinds,11,4,3,,Y,,1
,5/15/2025,Crosswinds,12,4,5,,N,N,2
,5/15/2025,Crosswinds,13,4,5,,N,N,2
,5/15/2025,Crosswinds,14,5,5,,Y,,2
,5/15/2025,Crosswinds,15,3,4,,N,N,1
,5/15/2025,Crosswinds,16,4,5,,N,N,2
,5/15/2025,Crosswinds,17,3,3,,Y,,2
,5/15/2025,Crosswinds,18,4,4,,Y,,2
,5/16/2025,Bayberry Hills,1,4,4,,Y,,2
,5/16/2025,Bayberry Hills,2,5,5,,Y,,2
,5/16/2025,Bayberry Hills,3,3,3,,Y,,2
,5/16/2025,Bayberry Hills,4,4,5,,N,N,2
,5/16/2025,Bayberry Hills,5,4,4,,N,Y,1
,5/16/2025,Bayberry Hills,6,4,5,,Y,,3
,5/16/2025,Bayberry Hills,7,5,6,,N,N,2
,5/16/2025,Bayberry Hills,8,3,4,,N,N,2
,5/16/2025,Bayberry Hills,9,4,4,,N,Y,1
,5/16/2025,Bayberry Hills,10,4,4,,Y,,2
,5/16/2025,Bayberry Hills,11,4,5,,N,N,2
,5/16/2025,Bayberry Hills,12,3,3,,Y,,2
,5/16/2025,Bayberry Hills,13,4,5,,N,N,2
,5/16/2025,Bayberry Hills,14,4,4,,N,Y,1
,5/16/2025,Bayberry Hills,15,5,6,,N,N,2
,5/16/2025,Bayberry Hills,16,4,5,,N,N,2
,5/16/2025,Bayberry Hills,17,3,3,,Y,,2
,5/16/2025,Bayberry Hills,18,5,3,,Y,,1
,5/21/2025,Furnance Brook,1,4,3,,Y,,1
,5/21/2025,Furnance Brook,2,4,5,,N,N,1
,5/21/2025,Furnance Brook,3,4,4,,Y,,2
,5/21/2025,Furnance Brook,4,4,5,,N,N,1
,5/21/2025,Furnance Brook,5,4,5,,N,N,2
,5/21/2025,Furnance Brook,6,3,3,,N,Y,1
,5/21/2025,Furnance Brook,7,4,5,,Y,,3
,5/21/2025,Furnance Brook,8,4,4,,Y,,2
,5/21/2025,Furnance Brook,9,4,5,,Y,,3
,5/26/2025,Furnance Brook,1,4,4,,N,Y,1
,5/26/2025,Furnance Brook,2,4,5,,N,N,1
,5/26/2025,Furnance Brook,3,4,4,,Y,,2
,5/26/2025,Furnance Brook,4,4,5,,Y,,3
,5/26/2025,Furnance Brook,5,4,4,,Y,,2
,5/26/2025,Furnance Brook,6,3,4,,N,N,1
,5/26/2025,Furnance Brook,7,4,4,,Y,,2
,5/26/2025,Furnance Brook,8,4,5,,N,N,1
,5/26/2025,Furnance Brook,9,4,3,,Y,,1
,5/26/2025,Furnance Brook,1,4,4,,N,Y,1
,5/26/2025,Furnance Brook,2,4,4,,Y,,2
,5/26/2025,Furnance Brook,3,4,4,,N,Y,1
,5/26/2025,Furnance Brook,4,4,5,,N,N,2
,5/26/2025,Furnance Brook,5,4,4,,Y,,2
,5/26/2025,Furnance Brook,6,3,3,,Y,,2
,5/26/2025,Furnance Brook,7,4,5,,N,N,2
,5/26/2025,Furnance Brook,8,4,4,,Y,,2
,5/26/2025,Furnance Brook,9,4,5,,N,N,2
,5/28/2025,Furnance Brook,1,4,4,,Y,,2
,5/28/2025,Furnance Brook,2,4,3,,Y,,1
,5/28/2025,Furnance Brook,3,4,4,,Y,,2
,5/28/2025,Furnance Brook,4,4,4,,Y,,2
,5/28/2025,Furnance Brook,5,4,4,,Y,,2
,5/28/2025,Furnance Brook,6,3,3,,Y,,2
,5/28/2025,Furnance Brook,7,4,5,,N,N,2
,5/28/2025,Furnance Brook,8,4,4,,Y,,2
,5/28/2025,Furnance Brook,9,4,5,,N,N,1
,6/18/2025,Furnance Brook,1,4,4,,N,Y,1
,6/18/2025,Furnance Brook,2,4,6,,N,N,2
,6/18/2025,Furnance Brook,3,4,4,,N,Y,1
,6/18/2025,Furnance Brook,4,4,4,,Y,,2
,6/18/2025,Furnance Brook,5,4,4,,N,Y,1
,6/18/2025,Furnance Brook,6,3,3,,Y,,2
,6/18/2025,Furnance Brook,7,4,3,,Y,,1
,6/18/2025,Furnance Brook,8,4,5,,N,N,2
,6/18/2025,Furnance Brook,9,4,4,,N,Y,1
,6/19/2025,Furnance Brook,1,4,3,,Y,,1
,6/19/2025,Furnance Brook,2,4,5,,N,N,2
,6/19/2025,Furnance Brook,3,4,5,,Y,,3
,6/19/2025,Furnance Brook,4,4,4,,Y,,2
,6/19/2025,Furnance Brook,5,4,4,,N,Y,1
,6/19/2025,Furnance Brook,6,3,3,,Y,,2
,6/19/2025,Furnance Brook,7,4,6,,N,N,2
,6/19/2025,Furnance Brook,8,4,4,,Y,,2
,6/19/2025,Furnance Brook,9,4,6,,N,N,2
,6/19/2025,Furnance Brook,1,4,4,,Y,,2
,6/19/2025,Furnance Brook,2,4,4,,N,Y,1
,6/19/2025,Furnance Brook,3,4,4,,Y,,2
,6/19/2025,Furnance Brook,4,4,5,,N,N,2
,6/19/2025,Furnance Brook,5,4,4,,Y,,2
,6/19/2025,Furnance Brook,6,3,3,,Y,,2
,6/19/2025,Furnance Brook,7,4,3,,Y,,1
,6/19/2025,Furnance Brook,8,4,4,,N,Y,1
,6/19/2025,Furnance Brook,9,4,4,,Y,,2
,6/21/2025,Furnance Brook,1,4,4,,Y,,2
,6/21/2025,Furnance Brook,2,4,4,,Y,,2
,6/21/2025,Furnance Brook,3,4,5,,N,N,2
,6/21/2025,Furnance Brook,4,4,5,,N,N,2
,6/21/2025,Furnance Brook,5,4,4,,Y,,2
,6/21/2025,Furnance Brook,6,3,4,,N,N,2
,6/21/2025,Furnance Brook,7,4,4,,Y,,2
,6/21/2025,Furnance Brook,8,4,3,,Y,,1
,6/21/2025,Furnance Brook,9,4,4,,N,Y,1
,6/21/2025,Thorny Lea,1,4,4,,N,Y,1
,6/21/2025,Thorny Lea,2,4,5,,N,N,2
,6/21/2025,Thorny Lea,3,3,4,,N,N,1
,6/21/2025,Thorny Lea,4,4,4,,Y,,2
,6/21/2025,Thorny Lea,5,4,4,,N,Y,1
,6/21/2025,Thorny Lea,6,4,4,,N,Y,1
,6/21/2025,Thorny Lea,7,4,4,,Y,,2
,6/21/2025,Thorny Lea,8,5,5,,Y,,2
,6/21/2025,Thorny Lea,9,3,4,,N,N,1
,6/21/2025,Thorny Lea,10,4,4,,Y,,2
,6/21/2025,Thorny Lea,11,5,5,,Y,,2
,6/21/2025,Thorny Lea,12,4,5,,N,N,2
,6/21/2025,Thorny Lea,13,3,3,,N,Y,1
,6/21/2025,Thorny Lea,14,4,5,,N,N,1
,6/21/2025,Thorny Lea,15,4,5,,N,N,1
,6/21/2025,Thorny Lea,16,4,5,,N,N,1
,6/21/2025,Thorny Lea,17,3,3,,N,Y,1
,6/21/2025,Thorny Lea,18,4,5,,N,N,2
,6/22/2025,Furnance Brook,1,4,4,,Y,,2
,6/22/2025,Furnance Brook,2,4,4,,Y,,2
,6/22/2025,Furnance Brook,3,4,4,,Y,,2
,6/22/2025,Furnance Brook,4,4,4,,Y,,2
,6/22/2025,Furnance Brook,5,4,4,,Y,,2
,6/22/2025,Furnance Brook,6,3,3,,N,Y,1
,6/22/2025,Furnance Brook,7,4,4,,Y,,2
,6/22/2025,Furnance Brook,8,4,6,,N,N,2
,6/22/2025,Furnance Brook,9,4,4,,N,Y,1
,6/22/2025,Furnance Brook,1,4,4,,N,Y,1
,6/22/2025,Furnance Brook,2,4,4,,Y,,2
,6/22/2025,Furnance Brook,3,4,4,,Y,,2
,6/22/2025,Furnance Brook,4,4,4,,Y,,2
,6/22/2025,Furnance Brook,5,4,4,,N,Y,1
,6/22/2025,Furnance Brook,6,3,4,,Y,,3
,6/22/2025,Furnance Brook,7,4,4,,N,Y,1
,6/22/2025,Furnance Brook,8,4,4,,N,Y,1
,6/22/2025,Furnance Brook,9,4,5,,N,N,2
,6/22/2025,Furnance Brook,1,4,4,,Y,,2
,6/22/2025,Furnance Brook,2,4,6,,N,N,2
,6/22/2025,Furnance Brook,3,4,4,,Y,,2
,6/22/2025,Furnance Brook,4,4,4,,Y,,2
,6/22/2025,Furnance Brook,5,4,4,,Y,,2
,6/22/2025,Furnance Brook,6,3,4,,N,N,2
,6/22/2025,Furnance Brook,7,4,3,,Y,,1
,6/22/2025,Furnance Brook,8,4,4,,Y,,2
,6/22/2025,Furnance Brook,9,4,4,,N,Y,1
,6/22/2025,Furnance Brook,1,4,4,,Y,,2
,6/22/2025,Furnance Brook,2,4,4,,Y,,2
,6/22/2025,Furnance Brook,3,4,5,,Y,,3
,6/22/2025,Furnance Brook,4,4,6,,N,N,2
,6/22/2025,Furnance Brook,5,4,3,,Y,,1
,6/22/2025,Furnance Brook,6,3,3,,Y,,2
,6/22/2025,Furnance Brook,7,4,5,,N,N,2
,6/22/2025,Furnance Brook,8,4,4,,Y,,2
,6/22/2025,Furnance Brook,9,4,5,,N,N,2
,6/25/2025,Furnance Brook,1,4,4,,Y,,2
,6/25/2025,Furnance Brook,2,4,4,,N,Y,1
,6/25/2025,Furnance Brook,3,4,5,,N,N,2
,6/25/2025,Furnance Brook,4,4,3,,Y,,1
,6/25/2025,Furnance Brook,5,4,4,,Y,,2
,6/25/2025,Furnance Brook,6,3,4,,N,N,2
,6/25/2025,Furnance Brook,7,4,4,,Y,,2
,6/25/2025,Furnance Brook,8,4,4,,Y,,2
,6/25/2025,Furnance Brook,9,4,4,,N,Y,1
,6/28/2025,Furnance Brook,1,4,4,,Y,,2
,6/28/2025,Furnance Brook,2,4,5,,N,N,2
,6/28/2025,Furnance Brook,3,4,5,,N,N,2
,6/28/2025,Furnance Brook,4,4,4,,Y,,2
,6/28/2025,Furnance Brook,5,4,6,,N,N,2
,6/28/2025,Furnance Brook,6,3,3,,Y,,2
,6/28/2025,Furnance Brook,7,4,4,,Y,,2
,6/28/2025,Furnance Brook,8,4,5,,N,N,2
,6/28/2025,Furnance Brook,9,4,3,,Y,,1
,6/28/2025,Furnance Brook,1,4,4,,Y,,2
,6/28/2025,Furnance Brook,2,4,5,,N,N,2
,6/28/2025,Furnance Brook,3,4,5,,N,N,2
,6/28/2025,Furnance Brook,4,4,3,,Y,,1
,6/28/2025,Furnance Brook,5,4,5,,N,N,2
,6/28/2025,Furnance Brook,6,3,4,,N,N,2
,6/28/2025,Furnance Brook,7,4,4,,Y,,2
,6/28/2025,Furnance Brook,8,4,4,,Y,,2
,6/28/2025,Furnance Brook,9,4,4,,N,Y,1
,6/28/2025,Furnance Brook,1,4,4,,Y,,2
,6/28/2025,Furnance Brook,2,4,4,,N,Y,1
,6/28/2025,Furnance Brook,3,4,3,,Y,,1
,6/28/2025,Furnance Brook,4,4,4,,Y,,2
,6/28/2025,Furnance Brook,5,4,4,,Y,,2
,6/28/2025,Furnance Brook,6,3,3,,Y,,2
,6/28/2025,Furnance Brook,7,4,4,,N,Y,1
,6/28/2025,Furnance Brook,8,4,4,,Y,,2
,6/28/2025,Furnance Brook,9,4,4,,Y,,2
,6/28/2025,Furnance Brook,1,4,4,,Y,,2
,6/28/2025,Furnance Brook,2,4,4,,Y,,2
,6/28/2025,Furnance Brook,3,4,4,,Y,,2
,6/28/2025,Furnance Brook,4,4,4,,Y,,2
,6/28/2025,Furnance Brook,5,4,5,,N,N,2
,6/28/2025,Furnance Brook,6,3,4,,Y,,3
,6/28/2025,Furnance Brook,7,4,4,,Y,,2
,6/28/2025,Furnance Brook,8,4,5,,N,N,2
,6/28/2025,Furnance Brook,9,4,4,,N,Y,1
,6/28/2025,Furnance Brook,1,4,4,,Y,,2
,6/28/2025,Furnance Brook,2,4,5,,N,N,1
,6/28/2025,Furnance Brook,3,4,5,,N,N,2
,6/28/2025,Furnance Brook,4,4,4,,Y,,2
,6/28/2025,Furnance Brook,5,4,4,,Y,,2
,6/28/2025,Furnance Brook,6,3,3,,N,Y,1
,6/28/2025,Furnance Brook,7,4,4,,Y,,2
,6/28/2025,Furnance Brook,8,4,5,,N,N,1
,6/28/2025,Furnance Brook,9,4,5,,N,N,2
,6/28/2025,Furnance Brook,1,4,5,,N,N,1
,6/28/2025,Furnance Brook,2,4,4,,Y,,2
,6/28/2025,Furnance Brook,3,4,4,,Y,,2
,6/28/2025,Furnance Brook,4,4,4,,N,Y,1
,6/28/2025,Furnance Brook,5,4,4,,Y,,2
,6/28/2025,Furnance Brook,6,3,3,,Y,,2
,6/28/2025,Furnance Brook,7,4,4,,Y,,2
,6/28/2025,Furnance Brook,8,4,4,,Y,,2
,6/28/2025,Furnance Brook,9,4,4,,N,Y,1
,7/1/2025,Furnance Brook,1,4,4,,Y,,2
,7/1/2025,Furnance Brook,2,4,3,,Y,,1
,7/1/2025,Furnance Brook,3,4,3,,Y,,1
,7/1/2025,Furnance Brook,4,4,5,,N,N,2
,7/1/2025,Furnance Brook,5,4,4,,Y,,2
,7/1/2025,Furnance Brook,6,3,4,,N,N,2
,7/1/2025,Furnance Brook,7,4,3,,Y,,1
,7/1/2025,Furnance Brook,8,4,5,,N,N,2
,7/1/2025,Furnance Brook,9,4,4,,Y,,2
,7/2/2025,Furnance Brook,1,4,5,,N,N,2
,7/2/2025,Furnance Brook,2,4,4,,Y,,2
,7/2/2025,Furnance Brook,3,4,5,,N,N,2
,7/2/2025,Furnance Brook,4,4,6,,N,N,2
,7/2/2025,Furnance Brook,5,4,4,,Y,,2
,7/2/2025,Furnance Brook,6,3,2,,N,Y,0
,7/2/2025,Furnance Brook,7,4,4,,N,Y,1
,7/2/2025,Furnance Brook,8,4,4,,Y,,2
,7/2/2025,Furnance Brook,9,4,4,,N,Y,1
,7/3/2025,Furnance Brook,1,4,4,,Y,,2
,7/3/2025,Furnance Brook,2,4,4,,Y,,2
,7/3/2025,Furnance Brook,3,4,5,,N,N,2
,7/3/2025,Furnance Brook,4,4,6,,N,N,1
,7/3/2025,Furnance Brook,5,4,5,,N,N,1
,7/3/2025,Furnance Brook,6,3,4,,N,N,2
,7/3/2025,Furnance Brook,7,4,4,,Y,,2
,7/3/2025,Furnance Brook,8,4,5,,N,N,1
,7/3/2025,Furnance Brook,9,4,5,,Y,,3
,7/4/2025,Falmouth CC,1,4,5,,Y,,3
,7/4/2025,Falmouth CC,2,3,3,,N,Y,1
,7/4/2025,Falmouth CC,3,4,3,,Y,,1
,7/4/2025,Falmouth CC,4,4,4,,Y,,2
,7/4/2025,Falmouth CC,5,4,6,,N,N,2
,7/4/2025,Falmouth CC,6,3,4,,N,N,2
,7/4/2025,Falmouth CC,7,4,5,,N,N,2
,7/4/2025,Falmouth CC,8,5,5,,Y,,2
,7/4/2025,Falmouth CC,9,4,5,,N,N,2
,7/4/2025,Falmouth CC,10,5,4,,Y,,1
,7/4/2025,Falmouth CC,11,4,5,,Y,,3
,7/4/2025,Falmouth CC,12,3,3,,N,Y,1
,7/4/2025,Falmouth CC,13,4,4,,N,Y,1
,7/4/2025,Falmouth CC,14,5,6,,N,N,2
,7/4/2025,Falmouth CC,15,5,5,,Y,,2
,7/4/2025,Falmouth CC,16,4,4,,Y,,2
,7/4/2025,Falmouth CC,17,3,3,,Y,,2
,7/4/2025,Falmouth CC,18,4,4,,N,Y,1
,7/6/2025,Furnance Brook,1,4,5,,N,N,2
,7/6/2025,Furnance Brook,2,4,5,,N,N,2
,7/6/2025,Furnance Brook,3,4,4,,Y,,2
,7/6/2025,Furnance Brook,4,4,4,,N,Y,1
,7/6/2025,Furnance Brook,5,4,4,,Y,,2
,7/6/2025,Furnance Brook,6,3,4,,N,N,2
,7/6/2025,Furnance Brook,7,4,4,,Y,,2
,7/6/2025,Furnance Brook,8,4,4,,Y,,2
,7/6/2025,Furnance Brook,9,4,4,,N,Y,1
,7/9/2025,Furnance Brook,1,4,5,,N,N,2
,7/9/2025,Furnance Brook,2,4,4,,Y,,2
,7/9/2025,Furnance Brook,3,4,3,,Y,,1
,7/9/2025,Furnance Brook,4,4,4,,Y,,2
,7/9/2025,Furnance Brook,5,4,4,,Y,,2
,7/9/2025,Furnance Brook,6,3,4,,N,N,2
,7/9/2025,Furnance Brook,7,4,4,,Y,,2
,7/9/2025,Furnance Brook,8,4,3,,Y,,1
,7/9/2025,Furnance Brook,9,4,4,,Y,,2
,7/11/2025,Furnance Brook,1,4,4,,Y,,2
,7/11/2025,Furnance Brook,2,4,4,,Y,,2
,7/11/2025,Furnance Brook,3,4,5,,N,N,2
,7/11/2025,Furnance Brook,4,4,4,,N,Y,1
,7/11/2025,Furnance Brook,5,4,3,,Y,,1
,7/11/2025,Furnance Brook,6,3,3,,Y,,2
,7/11/2025,Furnance Brook,7,4,4,,Y,,2
,7/11/2025,Furnance Brook,8,4,5,,Y,,3
,7/11/2025,Furnance Brook,9,4,5,,N,N,2
,7/11/2025,Furnance Brook,1,4,4,,N,Y,1
,7/11/2025,Furnance Brook,2,4,4,,N,Y,1
,7/11/2025,Furnance Brook,3,4,4,,N,Y,1
,7/11/2025,Furnance Brook,4,4,4,,Y,,2
,7/11/2025,Furnance Brook,5,4,4,,Y,,2
,7/11/2025,Furnance Brook,6,3,3,,Y,,2
,7/11/2025,Furnance Brook,7,4,4,,N,Y,1
,7/11/2025,Furnance Brook,8,4,5,,Y,,3
,7/11/2025,Furnance Brook,9,4,5,,N,N,2
,7/12/2025,Furnance Brook,1,4,4,,Y,,2
,7/12/2025,Furnance Brook,2,4,4,,Y,,2
,7/12/2025,Furnance Brook,3,4,5,,Y,,3
,7/12/2025,Furnance Brook,4,4,5,,Y,,3
,7/12/2025,Furnance Brook,5,4,4,,Y,,2
,7/12/2025,Furnance Brook,6,3,4,,N,N,2
,7/12/2025,Furnance Brook,7,4,4,,Y,,2
,7/12/2025,Furnance Brook,8,4,6,,N,N,2
,7/12/2025,Furnance Brook,9,4,5,,N,N,2
,7/12/2025,Furnance Brook,1,4,5,,N,N,2
,7/12/2025,Furnance Brook,2,4,4,,Y,,2
,7/12/2025,Furnance Brook,3,4,5,,N,N,2
,7/12/2025,Furnance Brook,4,4,5,,N,N,2
,7/12/2025,Furnance Brook,5,4,3,,Y,,1
,7/12/2025,Furnance Brook,6,3,4,,N,N,2
,7/12/2025,Furnance Brook,7,4,3,,Y,,1
,7/12/2025,Furnance Brook,8,4,5,,N,N,2
,7/12/2025,Furnance Brook,9,4,3,,Y,,1
,7/16/2025,Furnance Brook,1,4,5,,N,N,2
,7/16/2025,Furnance Brook,2,4,5,,N,N,2
,7/16/2025,Furnance Brook,3,4,3,,Y,,1
,7/16/2025,Furnance Brook,4,4,4,,N,Y,1
,7/16/2025,Furnance Brook,5,4,3,,Y,,1
,7/16/2025,Furnance Brook,6,3,3,,Y,,2
,7/16/2025,Furnance Brook,7,4,4,,N,Y,1
,7/16/2025,Furnance Brook,8,4,4,,N,Y,1
,7/16/2025,Furnance Brook,9,4,5,,N,N,2
,7/17/2025,Wykagyl CC,1,5,4,,Y,,1
,7/17/2025,Wykagyl CC,2,4,4,,Y,,2
,7/17/2025,Wykagyl CC,3,4,6,,N,N,2
,7/17/2025,Wykagyl CC,4,3,3,,N,Y,1
,7/17/2025,Wykagyl CC,5,4,4,,Y,,2
,7/17/2025,Wykagyl CC,6,5,4,,Y,,1
,7/17/2025,Wykagyl CC,7,3,4,,N,N,2
,7/17/2025,Wykagyl CC,8,4,4,,N,Y,1
,7/17/2025,Wykagyl CC,9,5,5,,Y,,2
,7/17/2025,Wykagyl CC,10,5,5,,Y,,2
,7/17/2025,Wykagyl CC,11,3,4,,N,N,2
,7/17/2025,Wykagyl CC,12,5,6,,Y,,3
,7/17/2025,Wykagyl CC,13,3,4,,Y,,3
,7/17/2025,Wykagyl CC,14,4,4,,Y,,2
,7/17/2025,Wykagyl CC,15,4,3,,Y,,2
,7/17/2025,Wykagyl CC,16,3,4,,N,N,2
,7/17/2025,Wykagyl CC,17,4,3,,Y,,1
,7/17/2025,Wykagyl CC,18,4,5,,N,N,2
,7/19/2025,Cape Ann CC,1,4,3,,Y,,1
,7/19/2025,Cape Ann CC,2,4,5,,N,N,2
,7/19/2025,Cape Ann CC,3,3,4,,N,N,2
,7/19/2025,Cape Ann CC,4,4,4,,N,Y,1
,7/19/2025,Cape Ann CC,5,5,6,,Y,,3
,7/19/2025,Cape Ann CC,6,4,4,,Y,,2
,7/19/2025,Cape Ann CC,7,3,3,,N,Y,1
,7/19/2025,Cape Ann CC,8,4,4,,N,Y,1
,7/19/2025,Cape Ann CC,9,4,3,,Y,,1
,7/23/2025,Furnance Brook,1,4,4,,Y,,2
,7/23/2025,Furnance Brook,2,4,5,,N,N,1
,7/23/2025,Furnance Brook,3,4,5,,Y,,3
,7/23/2025,Furnance Brook,4,4,4,,Y,,2
,7/23/2025,Furnance Brook,5,4,5,,N,N,2
,7/23/2025,Furnance Brook,6,3,4,,N,N,2
,7/23/2025,Furnance Brook,7,4,5,,N,N,2
,7/23/2025,Furnance Brook,8,4,5,,N,N,2
,7/23/2025,Furnance Brook,9,4,4,,N,Y,1
,7/26/2025,Pinehills - Nicklaus,1,4,4,,N,Y,1
,7/26/2025,Pinehills - Nicklaus,2,5,4,,Y,,1
,7/26/2025,Pinehills - Nicklaus,3,3,4,,N,N,2
,7/26/2025,Pinehills - Nicklaus,4,4,4,,N,Y,1
,7/26/2025,Pinehills - Nicklaus,5,4,4,,Y,,2
,7/26/2025,Pinehills - Nicklaus,6,5,4,,Y,,1
,7/26/2025,Pinehills - Nicklaus,7,3,3,,N,Y,1
,7/26/2025,Pinehills - Nicklaus,8,4,4,,Y,,2
,7/26/2025,Pinehills - Nicklaus,9,4,6,,N,N,2
,7/26/2025,Pinehills - Nicklaus,10,4,4,,Y,,2
,7/26/2025,Pinehills - Nicklaus,11,5,5,,N,Y,1
,7/26/2025,Pinehills - Nicklaus,12,4,5,,N,N,2
,7/26/2025,Pinehills - Nicklaus,13,3,3,,N,Y,1
,7/26/2025,Pinehills - Nicklaus,14,4,5,,N,N,1
,7/26/2025,Pinehills - Nicklaus,15,3,4,,N,N,1
,7/26/2025,Pinehills - Nicklaus,16,5,5,,Y,,2
,7/26/2025,Pinehills - Nicklaus,17,4,4,,Y,,2
,7/26/2025,Pinehills - Nicklaus,18,4,5,,N,N,2
,7/27/2025,Andover CC,1,4,5,,N,N,2
,7/27/2025,Andover CC,2,4,3,,Y,,1
,7/27/2025,Andover CC,3,4,5,,N,N,1
,7/27/2025,Andover CC,4,4,4,,Y,,2
,7/27/2025,Andover CC,5,3,3,,Y,,2
,7/27/2025,Andover CC,6,4,5,,N,N,1
,7/27/2025,Andover CC,7,5,5,,Y,,3
,7/27/2025,Andover CC,8,4,4,,Y,,2
,7/27/2025,Andover CC,9,4,4,,N,Y,1
,7/27/2025,Andover CC,10,5,6,,N,N,2
,7/27/2025,Andover CC,11,3,5,,N,N,2
,7/27/2025,Andover CC,12,4,4,,N,Y,1
,7/27/2025,Andover CC,13,4,4,,N,Y,1
,7/27/2025,Andover CC,14,5,6,,N,N,2
,7/27/2025,Andover CC,15,3,5,,N,N,2
,7/27/2025,Andover CC,16,4,5,,N,N,2
,7/27/2025,Andover CC,17,4,4,,Y,,2
,7/27/2025,Andover CC,18,4,5,,N,N,1
,7/30/2025,Furnance Brook,1,4,4,,Y,,2
,7/30/2025,Furnance Brook,2,4,3,,Y,,1
,7/30/2025,Furnance Brook,3,4,4,,Y,,2
,7/30/2025,Furnance Brook,4,4,4,,Y,,2
,7/30/2025,Furnance Brook,5,4,4,,Y,,2
,7/30/2025,Furnance Brook,6,3,3,,Y,,2
,7/30/2025,Furnance Brook,7,4,4,,Y,,2
,7/30/2025,Furnance Brook,8,4,5,,N,N,2
,7/30/2025,Furnance Brook,9,4,5,,N,N,2
,7/31/2025,Walloston CC,1,4,3,,Y,,1
,7/31/2025,Walloston CC,2,4,5,,Y,,3
,7/31/2025,Walloston CC,3,3,4,,N,N,2
,7/31/2025,Walloston CC,4,4,5,,N,N,2
,7/31/2025,Walloston CC,5,5,6,,N,N,2
,7/31/2025,Walloston CC,6,3,4,,N,N,2
,7/31/2025,Walloston CC,7,4,4,,N,Y,1
,7/31/2025,Walloston CC,8,5,5,,N,Y,1
,7/31/2025,Walloston CC,9,4,4,,Y,,2
,7/31/2025,Walloston CC,10,4,4,,N,Y,1
,7/31/2025,Walloston CC,11,4,5,,N,N,1
,7/31/2025,Walloston CC,12,3,3,,N,Y,1
,7/31/2025,Walloston CC,13,4,6,,N,N,2
,7/31/2025,Walloston CC,14,5,5,,Y,,2
,7/31/2025,Walloston CC,15,4,4,,Y,,2
,7/31/2025,Walloston CC,16,5,4,,Y,,1
,7/31/2025,Walloston CC,17,3,3,,Y,,2
,7/31/2025,Walloston CC,18,4,4,,Y,,2
,8/3/2025,CCCC,1,4,5,,N,N,2
,8/3/2025,CCCC,2,3,3,,N,Y,1
,8/3/2025,CCCC,3,5,5,,Y,,2
,8/3/2025,CCCC,4,4,5,,N,N,1
,8/3/2025,CCCC,5,4,4,,N,Y,1
,8/3/2025,CCCC,6,5,6,,Y,,3
,8/3/2025,CCCC,7,4,3,,Y,,1
,8/3/2025,CCCC,8,4,5,,N,N,2
,8/3/2025,CCCC,9,3,4,,N,N,2
,8/3/2025,CCCC,10,4,4,,N,Y,1
,8/3/2025,CCCC,11,5,5,,N,Y,1
,8/3/2025,CCCC,12,3,3,,N,Y,1
,8/3/2025,CCCC,13,5,5,,Y,,2
,8/3/2025,CCCC,14,4,5,,N,N,2
,8/3/2025,CCCC,15,3,4,,N,N,2
,8/3/2025,CCCC,16,3,3,,N,Y,1
,8/3/2025,CCCC,17,4,3,,Y,,1
,8/3/2025,CCCC,18,4,4,,Y,,2
,8/5/2025,Furnance Brook,1,4,3,,Y,,1
,8/5/2025,Furnance Brook,2,4,4,,N,Y,1
,8/5/2025,Furnance Brook,3,4,5,,Y,,3
,8/5/2025,Furnance Brook,4,4,4,,Y,,2
,8/5/2025,Furnance Brook,5,4,4,,Y,,2
,8/5/2025,Furnance Brook,6,3,4,,N,N,2
,8/5/2025,Furnance Brook,7,4,4,,Y,,2
,8/5/2025,Furnance Brook,8,4,4,,N,Y,1
,8/5/2025,Furnance Brook,9,4,4,,N,Y,1
,8/6/2025,Furnance Brook,1,4,4,,Y,,2
,8/6/2025,Furnance Brook,2,4,5,,N,N,1
,8/6/2025,Furnance Brook,3,4,4,,N,Y,1
,8/6/2025,Furnance Brook,4,4,4,,Y,,2
,8/6/2025,Furnance Brook,5,4,4,,Y,,2
,8/6/2025,Furnance Brook,6,3,4,,N,N,2
,8/6/2025,Furnance Brook,7,4,3,,N,Y,0
,8/6/2025,Furnance Brook,8,4,4,,Y,,2
,8/6/2025,Furnance Brook,9,4,4,,Y,,2
,8/8/2025,Furnance Brook,1,4,5,,N,N,2
,8/8/2025,Furnance Brook,2,4,5,,N,N,2
,8/8/2025,Furnance Brook,3,4,5,,N,N,2
,8/8/2025,Furnance Brook,4,4,4,,Y,,2
,8/8/2025,Furnance Brook,5,4,4,,Y,,2
,8/8/2025,Furnance Brook,6,3,3,,N,Y,1
,8/8/2025,Furnance Brook,7,4,3,,Y,,1
,8/8/2025,Furnance Brook,8,4,5,,N,N,2
,8/8/2025,Furnance Brook,9,4,5,,N,N,2
,8/8/2025,Furnance Brook,1,4,3,,Y,,1
,8/8/2025,Furnance Brook,2,4,4,,Y,,2
,8/8/2025,Furnance Brook,3,4,5,,Y,,3
,8/8/2025,Furnance Brook,4,4,5,,N,N,1
,8/8/2025,Furnance Brook,5,4,4,,Y,,2
,8/8/2025,Furnance Brook,6,3,3,,Y,,2
,8/8/2025,Furnance Brook,7,4,3,,Y,,1
,8/8/2025,Furnance Brook,8,4,4,,Y,,2
,8/8/2025,Furnance Brook,9,4,4,,N,Y,1
,8/9/2025,Furnance Brook,1,4,4,,Y,,2
,8/9/2025,Furnance Brook,2,4,5,,Y,,3
,8/9/2025,Furnance Brook,3,4,4,,Y,,2
,8/9/2025,Furnance Brook,4,4,4,,Y,,2
,8/9/2025,Furnance Brook,5,4,3,,Y,,1
,8/9/2025,Furnance Brook,6,3,4,,N,N,2
,8/9/2025,Furnance Brook,7,4,4,,N,Y,1
,8/9/2025,Furnance Brook,8,4,4,,Y,,2
,8/9/2025,Furnance Brook,9,4,4,,N,Y,1
,8/9/2025,Furnance Brook,1,4,4,,Y,,2
,8/9/2025,Furnance Brook,2,4,4,,Y,,2
,8/9/2025,Furnance Brook,3,4,4,,Y,,2
,8/9/2025,Furnance Brook,4,4,4,,Y,,2
,8/9/2025,Furnance Brook,5,4,4,,Y,,2
,8/9/2025,Furnance Brook,6,3,3,,Y,,2
,8/9/2025,Furnance Brook,7,4,3,,Y,,1
,8/9/2025,Furnance Brook,8,4,4,,Y,,2
,8/9/2025,Furnance Brook,9,4,5,,N,N,2
,8/10/2025,Furnance Brook,1,4,4,,Y,,2
,8/10/2025,Furnance Brook,2,4,5,,N,N,2
,8/10/2025,Furnance Brook,3,4,7,,N,N,2
,8/10/2025,Furnance Brook,4,4,4,,N,Y,1
,8/10/2025,Furnance Brook,5,4,4,,N,Y,1
,8/10/2025,Furnance Brook,6,3,3,,Y,,2
,8/10/2025,Furnance Brook,7,4,4,,Y,,2
,8/10/2025,Furnance Brook,8,4,4,,Y,,2
,8/10/2025,Furnance Brook,9,4,4,,Y,,2
,8/10/2025,Furnance Brook,1,4,4,,Y,,2
,8/10/2025,Furnance Brook,2,4,4,,Y,,2
,8/10/2025,Furnance Brook,3,4,3,,Y,,1
,8/10/2025,Furnance Brook,4,4,5,,N,N,1
,8/10/2025,Furnance Brook,5,4,4,,Y,,2
,8/10/2025,Furnance Brook,6,3,3,,Y,,2
,8/10/2025,Furnance Brook,7,4,4,,Y,,2
,8/10/2025,Furnance Brook,8,4,4,,Y,,2
,8/10/2025,Furnance Brook,9,4,3,,Y,,1
,8/12/2025,CC of Barre,1,4,3,,Y,,1
,8/12/2025,CC of Barre,2,4,5,,N,N,2
,8/12/2025,CC of Barre,3,4,3,,Y,,1
,8/12/2025,CC of Barre,4,3,3,,Y,,2
,8/12/2025,CC of Barre,5,5,4,,Y,,1
,8/12/2025,CC of Barre,6,4,7,,N,N,3
,8/12/2025,CC of Barre,7,3,4,,N,N,2
,8/12/2025,CC of Barre,8,4,6,,N,N,3
,8/12/2025,CC of Barre,9,4,5,,Y,,3
,8/12/2025,CC of Barre,10,5,5,,Y,,2
,8/12/2025,CC of Barre,11,4,4,,Y,,2
,8/12/2025,CC of Barre,12,4,5,,N,N,2
,8/12/2025,CC of Barre,13,3,4,,N,N,2
,8/12/2025,CC of Barre,14,4,3,,N,Y,0
,8/12/2025,CC of Barre,15,5,5,,N,Y,1
,8/12/2025,CC of Barre,16,3,3,,Y,,2
,8/12/2025,CC of Barre,17,4,5,,Y,,3
,8/12/2025,CC of Barre,18,4,3,,Y,,1
,8/12/2025,CC of Barre,1,4,6,,N,N,2
,8/12/2025,CC of Barre,2,4,5,,N,N,2
,8/12/2025,CC of Barre,3,4,4,,Y,,2
,8/12/2025,CC of Barre,4,3,4,,N,N,2
,8/12/2025,CC of Barre,5,5,6,,N,N,2
,8/12/2025,CC of Barre,6,4,5,,N,N,2
,8/12/2025,CC of Barre,7,3,3,,Y,,2
,8/12/2025,CC of Barre,8,4,4,,Y,,2
,8/12/2025,CC of Barre,9,4,5,,N,N,2
,8/12/2025,CC of Barre,10,5,6,,Y,,3
,8/12/2025,CC of Barre,11,4,4,,Y,,2
,8/12/2025,CC of Barre,12,4,4,,Y,,2
,8/12/2025,CC of Barre,13,3,3,,Y,,2
,8/12/2025,CC of Barre,14,4,4,,Y,,2
,8/12/2025,CC of Barre,15,5,4,,Y,,1
,8/12/2025,CC of Barre,16,3,3,,Y,,2
,8/12/2025,CC of Barre,17,4,4,,Y,,2
,8/12/2025,CC of Barre,18,4,5,,N,N,2
,8/13/2025,Furnance Brook,1,4,4,,Y,,2
,8/13/2025,Furnance Brook,2,4,4,,Y,,2
,8/13/2025,Furnance Brook,3,4,5,,Y,,3
,8/13/2025,Furnance Brook,4,4,3,,Y,,1
,8/13/2025,Furnance Brook,5,4,4,,N,Y,2
,8/13/2025,Furnance Brook,6,3,3,,Y,,2
,8/13/2025,Furnance Brook,7,4,4,,Y,,2
,8/13/2025,Furnance Brook,8,4,4,,Y,,2
,8/13/2025,Furnance Brook,9,4,4,,Y,,2
,8/15/2025,Furnance Brook,1,4,5,,N,N,1
,8/15/2025,Furnance Brook,2,4,6,,N,N,2
,8/15/2025,Furnance Brook,3,4,4,,Y,,2
,8/15/2025,Furnance Brook,4,4,4,,Y,,2
,8/15/2025,Furnance Brook,5,4,3,,Y,,1
,8/15/2025,Furnance Brook,6,3,4,,Y,,3
,8/15/2025,Furnance Brook,7,4,3,,Y,,1
,8/15/2025,Furnance Brook,8,4,4,,Y,,2
,8/15/2025,Furnance Brook,9,4,4,,Y,,2
,8/16/2025,Furnance Brook,1,4,6,,N,N,2
,8/16/2025,Furnance Brook,2,4,4,,N,Y,1
,8/16/2025,Furnance Brook,3,4,5,,N,N,2
,8/16/2025,Furnance Brook,4,4,5,,Y,,3
,8/16/2025,Furnance Brook,5,4,4,,Y,,2
,8/16/2025,Furnance Brook,6,3,4,,N,N,2
,8/16/2025,Furnance Brook,7,4,5,,Y,,3
,8/16/2025,Furnance Brook,8,4,5,,N,N,2
,8/16/2025,Furnance Brook,9,4,4,,N,Y,1
,8/16/2025,Furnance Brook,1,4,6,,N,N,2
,8/16/2025,Furnance Brook,2,4,5,,N,N,2
,8/16/2025,Furnance Brook,3,4,4,,Y,,2
,8/16/2025,Furnance Brook,4,4,4,,N,Y,1
,8/16/2025,Furnance Brook,5,4,4,,Y,,2
,8/16/2025,Furnance Brook,6,3,4,,Y,,3
,8/16/2025,Furnance Brook,7,4,4,,Y,,2
,8/16/2025,Furnance Brook,8,4,5,,N,N,2
,8/16/2025,Furnance Brook,9,4,4,,Y,,2
,8/17/2025,Furnance Brook,1,4,5,,N,N,2
,8/17/2025,Furnance Brook,2,4,4,,Y,,2
,8/17/2025,Furnance Brook,3,4,5,,Y,,3
,8/17/2025,Furnance Brook,4,4,4,,N,Y,1
,8/17/2025,Furnance Brook,5,4,4,,Y,,2
,8/17/2025,Furnance Brook,6,3,6,,N,N,3
,8/17/2025,Furnance Brook,7,4,4,,Y,,2
,8/17/2025,Furnance Brook,8,4,4,,Y,,2
,8/17/2025,Furnance Brook,9,4,4,,Y,,2
,8/17/2025,Furnance Brook,1,4,5,,Y,,3
,8/17/2025,Furnance Brook,2,4,4,,Y,,2
,8/17/2025,Furnance Brook,3,4,5,,Y,,3
,8/17/2025,Furnance Brook,4,4,4,,N,Y,1
,8/17/2025,Furnance Brook,5,4,5,,N,N,2
,8/17/2025,Furnance Brook,6,3,3,,Y,,2
,8/17/2025,Furnance Brook,7,4,4,,Y,,2
,8/17/2025,Furnance Brook,8,4,4,,N,Y,1
,8/17/2025,Furnance Brook,9,4,4,,Y,,2
,8/24/2025,Dennis Highlands,1,4,5,,Y,,3
,8/24/2025,Dennis Highlands,2,5,5,,N,Y,1
,8/24/2025,Dennis Highlands,3,3,4,,N,N,2
,8/24/2025,Dennis Highlands,4,4,5,,N,N,2
,8/24/2025,Dennis Highlands,5,4,4,,Y,,2
,8/24/2025,Dennis Highlands,6,4,4,,Y,,2
,8/24/2025,Dennis Highlands,7,3,4,,N,N,2
,8/24/2025,Dennis Highlands,8,5,5,,Y,,2
,8/24/2025,Dennis Highlands,9,3,3,,N,Y,1
,8/24/2025,Dennis Highlands,10,4,5,,N,N,2
,8/24/2025,Dennis Highlands,11,3,3,,Y,,2
,8/24/2025,Dennis Highlands,12,4,5,,N,N,2
,8/24/2025,Dennis Highlands,13,4,4,,N,Y,1
,8/24/2025,Dennis Highlands,14,4,4,,Y,,2
,8/24/2025,Dennis Highlands,15,5,5,,Y,,2
,8/24/2025,Dennis Highlands,16,3,4,,N,N,1
,8/24/2025,Dennis Highlands,17,4,5,,N,N,2
,8/24/2025,Dennis Highlands,18,5,4,,Y,,2
,8/27/2025,Furnance Brook,1,4,4,,Y,,2
,8/27/2025,Furnance Brook,2,4,4,,Y,,2
,8/27/2025,Furnance Brook,3,4,4,,Y,,2
,8/27/2025,Furnance Brook,4,4,4,,Y,,2
,8/27/2025,Furnance Brook,5,4,4,,N,Y,1
,8/27/2025,Furnance Brook,6,3,3,,Y,,2
,8/27/2025,Furnance Brook,7,4,5,,Y,,3
,8/27/2025,Furnance Brook,8,4,6,,N,N,2
,8/27/2025,Furnance Brook,9,4,4,,N,Y,1
,8/29/2025,Furnance Brook,1,4,3,,Y,,1
,8/29/2025,Furnance Brook,2,4,4,,Y,,2
,8/29/2025,Furnance Brook,3,4,3,,Y,,1
,8/29/2025,Furnance Brook,4,4,3,,Y,,1
,8/29/2025,Furnance Brook,5,4,4,,Y,,2
,8/29/2025,Furnance Brook,6,3,3,,N,Y,1
,8/29/2025,Furnance Brook,7,4,5,,N,N,2
,8/29/2025,Furnance Brook,8,4,4,,Y,,2
,8/29/2025,Furnance Brook,9,4,5,,N,N,1
,8/29/2025,Furnance Brook,1,4,4,,Y,,2
,8/29/2025,Furnance Brook,2,4,4,,Y,,2
,8/29/2025,Furnance Brook,3,4,4,,Y,,2
,8/29/2025,Furnance Brook,4,4,4,,N,Y,1
,8/29/2025,Furnance Brook,5,4,3,,Y,,1
,8/29/2025,Furnance Brook,6,3,4,,N,N,2
,8/29/2025,Furnance Brook,7,4,4,,N,Y,1
,8/29/2025,Furnance Brook,8,4,4,,Y,,2
,8/29/2025,Furnance Brook,9,4,5,,N,N,2
,8/30/2025,Furnance Brook,1,4,5,,N,N,2
,8/30/2025,Furnance Brook,2,4,4,,N,Y,1
,8/30/2025,Furnance Brook,3,4,5,,N,N,2
,8/30/2025,Furnance Brook,4,4,4,,Y,,2
,8/30/2025,Furnance Brook,5,4,4,,Y,,2
,8/30/2025,Furnance Brook,6,3,3,,Y,,2
,8/30/2025,Furnance Brook,7,4,5,,N,N,1
,8/30/2025,Furnance Brook,8,4,4,,Y,,2
,8/30/2025,Furnance Brook,9,4,5,,N,N,2
,8/30/2025,Furnance Brook,1,4,4,,Y,,2
,8/30/2025,Furnance Brook,2,4,4,,Y,,2
,8/30/2025,Furnance Brook,3,4,5,,N,N,2
,8/30/2025,Furnance Brook,4,4,4,,Y,,2
,8/30/2025,Furnance Brook,5,4,5,,Y,,3
,8/30/2025,Furnance Brook,6,3,3,,Y,,2
,8/30/2025,Furnance Brook,7,4,3,,Y,,1
,8/30/2025,Furnance Brook,8,4,5,,N,N,2
,8/30/2025,Furnance Brook,9,4,5,,N,N,2
,8/30/2025,Furnance Brook,1,4,4,,N,Y,1
,8/30/2025,Furnance Brook,2,4,4,,Y,,2
,8/30/2025,Furnance Brook,3,4,4,,Y,,2
,8/30/2025,Furnance Brook,4,4,4,,Y,,2
,8/30/2025,Furnance Brook,5,4,5,,N,N,2
,8/30/2025,Furnance Brook,6,3,3,,Y,,2
,8/30/2025,Furnance Brook,7,4,5,,N,N,2
,8/30/2025,Furnance Brook,8,4,4,,N,Y,1
,8/30/2025,Furnance Brook,9,4,4,,Y,,2
,8/31/2025,Furnance Brook,1,4,4,,Y,,2
,8/31/2025,Furnance Brook,2,4,5,,N,N,1
,8/31/2025,Furnance Brook,3,4,5,,N,N,2
,8/31/2025,Furnance Brook,4,4,5,,Y,,3
,8/31/2025,Furnance Brook,5,4,5,,Y,,3
,8/31/2025,Furnance Brook,6,3,3,,Y,,2
,8/31/2025,Furnance Brook,7,4,4,,N,Y,1
,8/31/2025,Furnance Brook,8,4,4,,Y,,2
,8/31/2025,Furnance Brook,9,4,6,,N,N,2
,8/31/2025,Furnance Brook,1,4,3,,Y,,1
,8/31/2025,Furnance Brook,2,4,4,,Y,,2
,8/31/2025,Furnance Brook,3,4,4,,Y,,2
,8/31/2025,Furnance Brook,4,4,4,,Y,,2
,8/31/2025,Furnance Brook,5,4,4,,Y,,2
,8/31/2025,Furnance Brook,6,3,3,,Y,,2
,8/31/2025,Furnance Brook,7,4,4,,N,Y,1
,8/31/2025,Furnance Brook,8,4,4,,Y,,2
,8/31/2025,Furnance Brook,9,4,6,,N,N,1
,9/1/2025,Furnance Brook,1,4,4,,Y,,2
,9/1/2025,Furnance Brook,2,4,4,,Y,,2
,9/1/2025,Furnance Brook,3,4,5,,N,N,2
,9/1/2025,Furnance Brook,4,4,5,,N,N,2
,9/1/2025,Furnance Brook,5,4,4,,Y,,2
,9/1/2025,Furnance Brook,6,3,3,,Y,,2
,9/1/2025,Furnance Brook,7,4,4,,Y,,2
,9/1/2025,Furnance Brook,8,4,4,,Y,,2
,9/1/2025,Furnance Brook,9,4,5,,Y,,3
,9/1/2025,Furnance Brook,1,4,5,,N,N,2
,9/1/2025,Furnance Brook,2,4,4,,Y,,2
,9/1/2025,Furnance Brook,3,4,5,,Y,,3
,9/1/2025,Furnance Brook,4,4,4,,Y,,2
,9/1/2025,Furnance Brook,5,4,4,,Y,,2
,9/1/2025,Furnance Brook,6,3,4,,N,N,1
,9/1/2025,Furnance Brook,7,4,4,,Y,,2
,9/1/2025,Furnance Brook,8,4,4,,Y,,2
,9/1/2025,Furnance Brook,9,4,4,,Y,,2
,9/10/2025,Furnance Brook,1,4,5,,N,N,2
,9/10/2025,Furnance Brook,2,4,4,,Y,,2
,9/10/2025,Furnance Brook,3,4,5,,Y,,3
,9/10/2025,Furnance Brook,4,4,4,,N,Y,1
,9/10/2025,Furnance Brook,5,4,4,,Y,,2
,9/10/2025,Furnance Brook,6,3,3,,Y,,2
,9/10/2025,Furnance Brook,7,4,4,,Y,,2
,9/10/2025,Furnance Brook,8,4,4,,Y,,2
,9/10/2025,Furnance Brook,9,4,4,,Y,,2
,9/13/2025,Wedgewood Pines,1,4,4,,Y,,2
,9/13/2025,Wedgewood Pines,2,3,5,,N,N,2
,9/13/2025,Wedgewood Pines,3,5,4,,Y,,1
,9/13/2025,Wedgewood Pines,4,4,5,,N,N,2
,9/13/2025,Wedgewood Pines,5,5,4,,Y,,1
,9/13/2025,Wedgewood Pines,6,3,5,,N,N,2
,9/13/2025,Wedgewood Pines,7,4,4,,Y,,2
,9/13/2025,Wedgewood Pines,8,4,4,,Y,,2
,9/13/2025,Wedgewood Pines,9,4,4,,Y,,2
,9/13/2025,Wedgewood Pines,10,4,3,,Y,,1
,9/13/2025,Wedgewood Pines,11,3,4,,N,N,2
,9/13/2025,Wedgewood Pines,12,4,3,,Y,,1
,9/13/2025,Wedgewood Pines,13,5,5,,Y,,2
,9/13/2025,Wedgewood Pines,14,3,3,,Y,,2
,9/13/2025,Wedgewood Pines,15,5,5,,N,Y,2
,9/13/2025,Wedgewood Pines,16,3,3,,Y,,2
,9/13/2025,Wedgewood Pines,17,4,4,,Y,,2
,9/13/2025,Wedgewood Pines,18,5,5,,Y,,2
,9/20/2025,Furnance Brook,1,4,4,,Y,,2
,9/20/2025,Furnance Brook,2,4,4,,N,Y,1
,9/20/2025,Furnance Brook,3,4,4,,Y,,2
,9/20/2025,Furnance Brook,4,4,4,,N,Y,1
,9/20/2025,Furnance Brook,5,4,4,,Y,,2
,9/20/2025,Furnance Brook,6,3,3,,N,Y,1
,9/20/2025,Furnance Brook,7,4,4,,Y,,2
,9/20/2025,Furnance Brook,8,4,4,,Y,,2
,9/20/2025,Furnance Brook,9,4,4,,Y,,2
,9/20/2025,Furnance Brook,1,4,4,,Y,,2
,9/20/2025,Furnance Brook,2,4,4,,Y,,2
,9/20/2025,Furnance Brook,3,4,4,,N,Y,1
,9/20/2025,Furnance Brook,4,4,5,,N,N,2
,9/20/2025,Furnance Brook,5,4,4,,Y,,2
,9/20/2025,Furnance Brook,6,3,3,,N,Y,1
,9/20/2025,Furnance Brook,7,4,4,,Y,,2
,9/20/2025,Furnance Brook,8,4,5,,N,N,2
,9/20/2025,Furnance Brook,9,4,5,,N,N,2
,9/21/2025,Furnance Brook,1,4,6,,N,N,2
,9/21/2025,Furnance Brook,2,4,5,,N,N,2
,9/21/2025,Furnance Brook,3,4,4,,N,Y,1
,9/21/2025,Furnance Brook,4,4,5,,N,N,2
,9/21/2025,Furnance Brook,5,4,4,,Y,,2
,9/21/2025,Furnance Brook,6,3,3,,Y,,2
,9/21/2025,Furnance Brook,7,4,5,,N,N,2
,9/21/2025,Furnance Brook,8,4,4,,N,Y,1
,9/21/2025,Furnance Brook,9,4,5,,Y,,3
,9/21/2025,Furnance Brook,1,4,5,,N,N,2
,9/21/2025,Furnance Brook,2,4,5,,N,N,2
,9/21/2025,Furnance Brook,3,4,5,,N,N,2
,9/21/2025,Furnance Brook,4,4,4,,Y,,2
,9/21/2025,Furnance Brook,5,4,5,,N,N,2
,9/21/2025,Furnance Brook,6,3,3,,Y,,2
,9/21/2025,Furnance Brook,7,4,4,,Y,,2
,9/21/2025,Furnance Brook,8,4,4,,Y,,2
,9/21/2025,Furnance Brook,9,4,4,,N,Y,1
,9/26/2025,Shaker Hills,1,4,5,,N,N,2
,9/26/2025,Shaker Hills,2,5,5,,N,Y,1
,9/26/2025,Shaker Hills,3,3,3,,Y,,2
,9/26/2025,Shaker Hills,4,4,4,,N,Y,1
,9/26/2025,Shaker Hills,5,5,5,,Y,,2
,9/26/2025,Shaker Hills,6,3,3,,Y,,2
,9/26/2025,Shaker Hills,7,4,5,,Y,,3
,9/26/2025,Shaker Hills,8,4,3,,Y,,1
,9/26/2025,Shaker Hills,9,4,5,,N,N,2
,9/26/2025,Shaker Hills,10,4,4,,N,Y,1
,9/26/2025,Shaker Hills,11,4,5,,Y,,3
,9/26/2025,Shaker Hills,12,4,4,,N,Y,1
,9/26/2025,Shaker Hills,13,3,3,,Y,,2
,9/26/2025,Shaker Hills,14,4,3,,Y,,1
,9/26/2025,Shaker Hills,15,5,7,,N,N,2
,9/26/2025,Shaker Hills,16,3,4,,N,N,2
,9/26/2025,Shaker Hills,17,4,4,,Y,,2
,9/26/2025,Shaker Hills,18,5,4,,Y,,2
,9/27/2025,Furnance Brook,1,4,4,,N,Y,1
,9/27/2025,Furnance Brook,2,4,4,,Y,,2
,9/27/2025,Furnance Brook,3,4,4,,Y,,2
,9/27/2025,Furnance Brook,4,4,5,,N,N,1
,9/27/2025,Furnance Brook,5,4,5,,N,N,2
,9/27/2025,Furnance Brook,6,3,4,,Y,,3
,9/27/2025,Furnance Brook,7,4,4,,Y,,2
,9/27/2025,Furnance Brook,8,4,5,,N,N,2
,9/27/2025,Furnance Brook,9,4,4,,Y,,2
,9/27/2025,Furnance Brook,1,4,4,,N,Y,1
,9/27/2025,Furnance Brook,2,4,3,,Y,,1
,9/27/2025,Furnance Brook,3,4,5,,N,N,2
,9/27/2025,Furnance Brook,4,4,4,,Y,,2
,9/27/2025,Furnance Brook,5,4,3,,Y,,1
,9/27/2025,Furnance Brook,6,3,3,,Y,,2
,9/27/2025,Furnance Brook,7,4,6,,N,N,2
,9/27/2025,Furnance Brook,8,4,4,,N,Y,1
,9/27/2025,Furnance Brook,9,4,5,,N,N,2
,10/11/2025,Wedgewood Pines,1,4,4,,N,Y,1
,10/11/2025,Wedgewood Pines,2,3,4,,N,N,2
,10/11/2025,Wedgewood Pines,3,5,6,,N,N,2
,10/11/2025,Wedgewood Pines,4,4,5,,N,N,1
,10/11/2025,Wedgewood Pines,5,5,5,,Y,,2
,10/11/2025,Wedgewood Pines,6,3,3,,N,Y,1
,10/11/2025,Wedgewood Pines,7,4,4,,N,Y,1
,10/11/2025,Wedgewood Pines,8,4,5,,N,N,2
,10/11/2025,Wedgewood Pines,9,4,5,,N,N,1
,10/11/2025,Wedgewood Pines,10,4,5,,N,N,2
,10/11/2025,Wedgewood Pines,11,3,3,,N,Y,1
,10/11/2025,Wedgewood Pines,12,4,5,,Y,,3
,10/11/2025,Wedgewood Pines,13,5,5,,Y,,2
,10/11/2025,Wedgewood Pines,14,3,3,,Y,,2
,10/11/2025,Wedgewood Pines,15,5,5,,Y,,2
,10/11/2025,Wedgewood Pines,16,3,2,,Y,,1
,10/11/2025,Wedgewood Pines,17,4,4,,Y,,2
,10/11/2025,Wedgewood Pines,18,5,5,,Y,,2
,10/18/2025,Furnance Brook,1,4,5,,N,N,2
,10/18/2025,Furnance Brook,2,4,5,,N,N,2
,10/18/2025,Furnance Brook,3,4,4,,N,Y,1
,10/18/2025,Furnance Brook,4,4,5,,N,N,2
,10/18/2025,Furnance Brook,5,4,4,,N,Y,1
,10/18/2025,Furnance Brook,6,3,3,,Y,,2
,10/18/2025,Furnance Brook,7,4,4,,Y,,2
,10/18/2025,Furnance Brook,8,4,5,,N,N,2
,10/18/2025,Furnance Brook,9,4,5,,Y,,3
,10/18/2025,Furnance Brook,1,4,4,,Y,,2
,10/18/2025,Furnance Brook,2,4,4,,Y,,2
,10/18/2025,Furnance Brook,3,4,5,,Y,,3
,10/18/2025,Furnance Brook,4,4,4,,Y,,2
,10/18/2025,Furnance Brook,5,4,4,,N,Y,1
,10/18/2025,Furnance Brook,6,3,4,,Y,,3
,10/18/2025,Furnance Brook,7,4,4,,Y,,2
,10/18/2025,Furnance Brook,8,4,5,,N,N,1
,10/18/2025,Furnance Brook,9,4,5,,N,N,2
,11/1/2025,Andover CC,1,4,3,,Y,,1
,11/1/2025,Andover CC,2,4,4,,Y,,2
,11/1/2025,Andover CC,3,4,6,,N,N,1
,11/1/2025,Andover CC,4,4,4,,Y,,2
,11/1/2025,Andover CC,5,3,3,,Y,,2
,11/1/2025,Andover CC,6,4,6,,N,N,2
,11/1/2025,Andover CC,7,5,5,,Y,,3
,11/1/2025,Andover CC,8,4,3,,Y,,1
,11/1/2025,Andover CC,9,4,5,,N,N,2
,11/1/2025,Andover CC,10,5,4,,Y,,1
,11/1/2025,Andover CC,11,3,3,,N,Y,1
,11/1/2025,Andover CC,12,4,3,,Y,,1
,11/1/2025,Andover CC,13,4,4,,Y,,2
,11/1/2025,Andover CC,14,5,5,,Y,,2
,11/1/2025,Andover CC,15,3,3,,Y,,2
,11/1/2025,Andover CC,16,4,4,,Y,,2
,11/1/2025,Andover CC,17,4,4,,N,Y,1
,11/1/2025,Andover CC,18,4,4,,N,Y,1
,11/2/2025,Furnance Brook,1,4,4,,Y,,2
,11/2/2025,Furnance Brook,2,4,4,,Y,,2
,11/2/2025,Furnance Brook,3,4,4,,Y,,2
,11/2/2025,Furnance Brook,4,4,5,,N,N,2
,11/2/2025,Furnance Brook,5,4,3,,Y,,1
,11/2/2025,Furnance Brook,6,3,3,,Y,,2
,11/2/2025,Furnance Brook,7,4,4,,N,Y,1
,11/2/2025,Furnance Brook,8,4,4,,Y,,2
,11/2/2025,Furnance Brook,9,4,5,,N,N,2
,11/2/2025,Furnance Brook,1,4,3,,Y,,1
,11/2/2025,Furnance Brook,2,4,4,,Y,,2
,11/2/2025,Furnance Brook,3,4,4,,Y,,2
,11/2/2025,Furnance Brook,4,4,3,,Y,,1
,11/2/2025,Furnance Brook,5,4,4,,Y,,2
,11/2/2025,Furnance Brook,6,3,3,,Y,,2
,11/2/2025,Furnance Brook,7,4,4,,Y,,2
,11/2/2025,Furnance Brook,8,4,4,,N,Y,1
,11/2/2025,Furnance Brook,9,4,4,,N,Y,1
,11/7/2025,Furnance Brook,1,4,4,,N,Y,1
,11/7/2025,Furnance Brook,2,4,4,,Y,,2
,11/7/2025,Furnance Brook,3,4,4,,Y,,2
,11/7/2025,Furnance Brook,4,4,4,,Y,,2
,11/7/2025,Furnance Brook,5,4,4,,N,Y,1
,11/7/2025,Furnance Brook,6,3,2,,Y,,1
,11/7/2025,Furnance Brook,7,4,5,,N,N,2
,11/7/2025,Furnance Brook,8,4,3,,N,Y,0
,11/7/2025,Furnance Brook,9,4,4,,Y,,2
,11/7/2025,Furnance Brook,1,4,5,,N,N,2
,11/7/2025,Furnance Brook,2,4,5,,N,N,2
,11/7/2025,Furnance Brook,3,4,5,,N,N,2
,11/7/2025,Furnance Brook,4,4,4,,Y,,2
,11/7/2025,Furnance Brook,5,4,5,,N,N,2
,11/7/2025,Furnance Brook,6,3,4,,N,N,2
,11/7/2025,Furnance Brook,7,4,4,,Y,,2
,11/7/2025,Furnance Brook,8,4,4,,Y,,2
,11/7/2025,Furnance Brook,9,4,5,,Y,,3
,11/15/2025,Furnance Brook,1,4,5,,N,N,2
,11/15/2025,Furnance Brook,2,4,4,,N,Y,1
,11/15/2025,Furnance Brook,3,4,4,,Y,,2
,11/15/2025,Furnance Brook,4,4,4,,Y,,2
,11/15/2025,Furnance Brook,5,4,4,,Y,,2
,11/15/2025,Furnance Brook,6,3,4,,N,N,2
,11/15/2025,Furnance Brook,7,4,4,,Y,,2
,11/15/2025,Furnance Brook,8,4,4,,Y,,2
,11/15/2025,Furnance Brook,9,4,4,,Y,,2
,11/15/2025,Furnance Brook,1,4,4,,N,Y,1
,11/15/2025,Furnance Brook,2,4,5,,N,N,2
,11/15/2025,Furnance Brook,3,4,6,,N,N,2
,11/15/2025,Furnance Brook,4,4,4,,N,Y,1
,11/15/2025,Furnance Brook,5,4,4,,Y,,2
,11/15/2025,Furnance Brook,6,3,3,,Y,,2
,11/15/2025,Furnance Brook,7,4,3,,Y,,1
,11/15/2025,Furnance Brook,8,4,4,,Y,,2
,11/15/2025,Furnance Brook,9,4,5,,N,N,2
,11/22/2025,Furnance Brook,1,4,5,,N,N,1
,11/22/2025,Furnance Brook,2,4,4,,Y,,1
,11/22/2025,Furnance Brook,3,4,5,,N,N,2
,11/22/2025,Furnance Brook,4,4,5,,Y,,3
,11/22/2025,Furnance Brook,5,4,4,,Y,,2
,11/22/2025,Furnance Brook,6,3,4,,N,N,1
,11/22/2025,Furnance Brook,7,4,4,,N,Y,1
,11/22/2025,Furnance Brook,8,4,4,,Y,,2
,11/22/2025,Furnance Brook,9,4,4,,N,Y,1
,11/22/2025,Furnance Brook,1,4,4,,Y,,2
,11/22/2025,Furnance Brook,2,4,4,,Y,,2
,11/22/2025,Furnance Brook,3,4,4,,Y,,2
,11/22/2025,Furnance Brook,4,4,4,,Y,,2
,11/22/2025,Furnance Brook,5,4,4,,Y,,2
,11/22/2025,Furnance Brook,6,3,3,,N,Y,1
,11/22/2025,Furnance Brook,7,4,4,,Y,,2
,11/22/2025,Furnance Brook,8,4,4,,Y,,2
,11/22/2025,Furnance Brook,9,4,3,,Y,,1
,11/23/2025,Furnance Brook,1,4,4,,N,Y,1
,11/23/2025,Furnance Brook,2,4,5,,N,N,2
,11/23/2025,Furnance Brook,3,4,5,,N,N,2
,11/23/2025,Furnance Brook,4,4,5,,N,N,2
,11/23/2025,Furnance Brook,5,4,5,,N,N,2
,11/23/2025,Furnance Brook,6,3,4,,Y,,3
,11/23/2025,Furnance Brook,7,4,4,,Y,,2
,11/23/2025,Furnance Brook,8,4,3,,Y,,1
,11/23/2025,Furnance Brook,9,4,5,,N,N,2
,11/23/2025,Furnance Brook,1,4,5,,Y,,3
,11/23/2025,Furnance Brook,2,4,5,,Y,,3
,11/23/2025,Furnance Brook,3,4,4,,N,Y,1
,11/23/2025,Furnance Brook,4,4,4,,Y,,2
,11/23/2025,Furnance Brook,5,4,5,,N,N,2
,11/23/2025,Furnance Brook,6,3,2,,Y,,1
,11/23/2025,Furnance Brook,7,4,3,,Y,,1
,11/23/2025,Furnance Brook,8,4,5,,N,N,2
,11/23/2025,Furnance Brook,9,4,4,,Y,,2
,11/28/2025,Furnance Brook,1,4,4,,Y,,2
,11/28/2025,Furnance Brook,2,4,5,,N,N,1
,11/28/2025,Furnance Brook,3,4,5,,N,N,2
,11/28/2025,Furnance Brook,4,4,6,,N,N,3
,11/28/2025,Furnance Brook,5,4,3,,Y,,1
,11/28/2025,Furnance Brook,6,3,4,,N,N,2
,11/28/2025,Furnance Brook,7,4,4,,Y,,2
,11/28/2025,Furnance Brook,8,4,4,,Y,,2
,11/28/2025,Furnance Brook,9,4,6,,N,N,2
,11/28/2025,Furnance Brook,1,4,5,,Y,,3
,11/28/2025,Furnance Brook,2,4,4,,Y,,2
,11/28/2025,Furnance Brook,3,4,4,,N,Y,1
,11/28/2025,Furnance Brook,4,4,5,,N,N,2
,11/28/2025,Furnance Brook,5,4,4,,Y,,2
,11/28/2025,Furnance Brook,6,3,3,,Y,,2
,11/28/2025,Furnance Brook,7,4,4,,N,Y,1
,11/28/2025,Furnance Brook,8,4,5,,N,N,2
,11/28/2025,Furnance Brook,9,4,4,,Y,,2
,12/4/2025,Atlantis CC,1,5,5,,Y,,2
,12/4/2025,Atlantis CC,2,4,5,,N,N,2
,12/4/2025,Atlantis CC,3,4,3,,Y,,1
,12/4/2025,Atlantis CC,4,4,4,,Y,,2
,12/4/2025,Atlantis CC,5,3,3,,Y,,2
,12/4/2025,Atlantis CC,6,4,4,,Y,,2
,12/4/2025,Atlantis CC,7,4,3,,Y,,1
,12/4/2025,Atlantis CC,8,3,3,,N,Y,1
,12/4/2025,Atlantis CC,9,5,5,,N,Y,1
,12/4/2025,Atlantis CC,10,3,3,,N,Y,1
,12/4/2025,Atlantis CC,11,4,4,,Y,,2
,12/4/2025,Atlantis CC,12,5,4,,Y,,2
,12/4/2025,Atlantis CC,13,4,5,,N,N,2
,12/4/2025,Atlantis CC,14,4,5,,N,N,2
,12/4/2025,Atlantis CC,15,4,4,,N,Y,1
,12/4/2025,Atlantis CC,16,4,5,,N,N,2
,12/4/2025,Atlantis CC,17,3,3,,Y,,2
,12/4/2025,Atlantis CC,18,5,5,,Y,,2
,12/5/2025,Opsrey Point,1,4,4,,Y,,2
,12/5/2025,Opsrey Point,2,5,6,,N,N,2
,12/5/2025,Opsrey Point,3,3,3,,Y,,2
,12/5/2025,Opsrey Point,4,4,6,,N,N,3
,12/5/2025,Opsrey Point,5,3,3,,Y,,2
,12/5/2025,Opsrey Point,6,5,5,,Y,,2
,12/5/2025,Opsrey Point,7,4,4,,Y,,2
,12/5/2025,Opsrey Point,8,3,3,,Y,,2
,12/5/2025,Opsrey Point,9,5,4,,Y,,1
,12/5/2025,Opsrey Point,10,4,4,,Y,,2
,12/5/2025,Opsrey Point,11,4,4,,N,Y,1
,12/5/2025,Opsrey Point,12,5,5,,Y,,3
,12/5/2025,Opsrey Point,13,4,4,,Y,,2
,12/5/2025,Opsrey Point,14,3,3,,Y,,2
,12/5/2025,Opsrey Point,15,4,4,,Y,,2
,12/5/2025,Opsrey Point,16,3,3,,Y,,2
,12/5/2025,Opsrey Point,17,4,3,,Y,,1
,12/5/2025,Opsrey Point,18,5,6,,N,N,2
,12/6/2025,North Palm Beach,1,4,4,,Y,,2
,12/6/2025,North Palm Beach,2,4,5,,Y,,3
,12/6/2025,North Palm Beach,3,5,4,,Y,,2
,12/6/2025,North Palm Beach,4,4,4,,Y,,2
,12/6/2025,North Palm Beach,5,3,3,,Y,,2
,12/6/2025,North Palm Beach,6,4,4,,Y,,2
,12/6/2025,North Palm Beach,7,3,4,,Y,,3
,12/6/2025,North Palm Beach,8,4,5,,N,N,2
,12/6/2025,North Palm Beach,9,4,4,,Y,,2
,12/6/2025,North Palm Beach,10,4,6,,N,N,2
,12/6/2025,North Palm Beach,11,4,3,,Y,,1
,12/6/2025,North Palm Beach,12,4,5,,N,N,2
,12/6/2025,North Palm Beach,13,5,4,,Y,,1
,12/6/2025,North Palm Beach,14,4,4,,N,Y,1
,12/6/2025,North Palm Beach,15,3,3,,N,Y,1
,12/6/2025,North Palm Beach,16,4,3,,Y,,1
,12/6/2025,North Palm Beach,17,3,3,,Y,,2
,12/6/2025,North Palm Beach,18,5,5,,Y,,1
,12/13/2025,Furnance Brook,1,4,4,,N,Y,1
,12/13/2025,Furnance Brook,2,4,5,,N,N,1
,12/13/2025,Furnance Brook,3,4,4,,N,Y,1
,12/13/2025,Furnance Brook,4,4,4,,N,Y,1
,12/13/2025,Furnance Brook,5,4,5,,Y,,3
,12/13/2025,Furnance Brook,6,3,4,,N,N,2
,12/13/2025,Furnance Brook,7,4,5,,N,N,2
,12/13/2025,Furnance Brook,8,4,5,,N,N,2
,12/13/2025,Furnance Brook,9,4,4,,Y,,2
,12/13/2025,Furnance Brook,1,4,3,,Y,,1
,12/13/2025,Furnance Brook,2,4,4,,Y,,2
,12/13/2025,Furnance Brook,3,4,4,,Y,,2
,12/13/2025,Furnance Brook,4,4,5,,N,N,2
,12/13/2025,Furnance Brook,5,4,4,,Y,,3
,12/13/2025,Furnance Brook,6,3,4,,N,N,2
,12/13/2025,Furnance Brook,7,4,3,,Y,,1
,12/13/2025,Furnance Brook,8,4,5,,N,N,2
,12/13/2025,Furnance Brook,9,4,5,,N,N,2
